gm,ezaJbpqylkWl,48,61,79883
gm,jZFRGGqxawZjKXE,235,2,89186
gm,TCcQRLNdqLSaU,377,4789,79312
gm,vVvzUmYzVffwuIBOlI,1,79,93164
gm,lkFyHEwiNRKJrIhGt,129,3799,75344
gm,BrwyDifzFWhP,6984,51,39663
gm,QjNkySRfqwTHu,3,5682,62632
gm,SzXRcH,59,62,25146
gm,QSTUjponaaaeU,96,5776,98229
gm,OaKeAioOvZx,7,7493,72141
gm,GQdNxTouDKDlfa,841,8,41743
gm,pmKuheBj,183,93,48368
gm,EgfCFSky,88,1755,37364
gm,bccrIWCnDr,3245,6,18649
gm,sonKuL,2,97,55851
gm,MVfpYo,1,1235,41187
gm,CPgfUKm,72,98,72611
gm,cwOEqC,8,9,36246
gm,hPHirSpkP,646,4,35134
gm,MdTWeWiru,624,8224,55671
gm,IhSAVYJRiICCNrl,386,87,94171
gm,oxlbBTnVZiiiU,13,48,25985
gm,KgnYxh,9,1,32553
gm,gogHvBUNgJ,317,89,11481
gm,NrhubvzcpRlUcxON,22,67,46363
gm,SOUPhHrFsOD,8344,4,23643
gm,YBHNcc,76,2695,14936
gm,QDmpALARgXZaTZmQCvm,95,93,82262
gm,jgTqjYKthX,7694,56,38843
gm,yvagFpYuZ,8464,513,87298
gm,byUovXNwCmXvanwfH,2379,78,56431
gm,ogGhFwo,2,663,63338
gm,JABebbLrmkTGdujxq,72,338,77711
gm,ynWXqXZulCdAO,88,13,85688
gm,FYAblYBbjFFMIcuTWuvo,5,87,49773
gm,QpdgkAECxfisIVIdgKM,35,52,76941
gm,jsnkWpefwey,1,55,65552
gm,aNZLJvZGYkPj,99,5864,38779
gm,nRfDNVZq,364,229,93181
gm,RmCQhnSnCKyvvauQsVSB,8,6,89586
gm,kzZQgvJbB,15,418,81821
gm,PbiOVQVZipVhL,1151,2,92348
gm,mpRaXJqVaUumQT,583,125,88611
gm,iCuuHrq,421,41,74332
gm,LkuUerG,5,7322,58835
gm,yJUSfYdXvlZhYYjpUO,8745,2,27419
gm,veKtNJSgaZsi,49,272,94913
gm,YUjkREsUjrFfYJMjQWOu,117,77,47618
gm,HrQHd,258,2,97431
gm,ZncwjYfzULzT,7757,912,88261
gm,ErRVskapf,181,9513,95115
gm,THCdFgzgiloz,641,3338,92639
gm,HhLOZE,5,82,22911
gm,FvpKiRvSoNcJVhssCvH,9498,553,46761
gm,FNukTRTiBQ,228,249,28852
gm,SHznVPnPdES,3,8,88745
gm,KDJAMDGIremljddNAfc,317,499,39928
gm,IvQwstP,6781,337,27125
gm,ZbdwwEovl,455,294,42835
gm,aLZPcKWkCrHI,7483,5131,11747
gm,dKecZOtfcpajUo,68,6,96876
gm,iiaZvDEL,2824,45,19954
gm,FMEPlOzqKZhxv,22,1136,12662
gm,BGftueylp,7,9,33733
gm,IapOSmyBeSLS,7974,65,92186
gm,bHpJuisJXDbeKmZTsQz,112,8546,68218
gm,sqoGVnBHQjlo,5,3,61284
gm,xrJIwGGhqLtdWhDMzweP,592,7,78187
gm,hCCHMeuimcjLNFidb,3519,4297,59266
gm,gUYZaf,57,11,83374
gm,XsFbCt,7382,45,98283
gm,BmjpsndndOpSdaz,549,6694,89948
gm,wPYLO,79,27,89333
gm,WcUHdO,3154,3,32866
gm,kKTPjEvLyEHqDeZI,7,4697,52462
gm,YSqjlUQQbWgodSbxiPRA,799,5123,95286
gm,VGTlBNHUUAdSsquLm,39,5,97525
gm,yHqpF,228,7,95288
gm,tnoZnMTOrvCRVaBw,53,8852,77963
gm,IWCBBjPnzpRhDWvxICbP,15,21,34418
gm,dEMPi,8369,9137,46756
gm,RGyHcKp,8512,737,35869
gm,PHoAWTzIZ,9,38,83221
gm,zdySfwRavxWrjyGj,3,276,24815
gm,SAfafZwzYkbAr,37,6391,64788
gm,qoSqyg,9622,3717,23543
gm,Ayjlpxlt,434,5367,73726
gm,UjEPUJqnlXsc,74,1,97585
gm,PAdUVDMTROYzlw,4891,574,54539
gm,iabEfeFKI,97,38,21777
gm,hWQWuJvUHR,92,6,72358
gm,mDRNv,4,39,68263
gm,pIBCxwfJpXAmd,9,897,67537
gm,tNaxosrlYzSOGUivWHw,3,8,12697
gm,xdgsuwsRFrGWBbF,58,2,72638
gm,GtAuspAMjGBSfyLuvf,9,44,89359
gm,QyyGfDz,1937,13,72819
gm,xsrpZgkIPWxtZq,59,7784,32898
gm,qeONYrbQRNWgPZRvzFbz,5999,99,72811
gm,PPrZNdVmFyjJQga,59,9,81573
gm,ZHXZaEMefU,8,879,38531
gm,OpNTRaGrWwbdGrLPJoa,4,4,37958
gm,qQGiThAjcWPjnfv,99,2,19965
gm,bUyNOkSOWfAkbLS,7113,46,52121
gm,zWiEdWwZMy,9,375,87229
gm,wKThSZWjPjdUQzU,59,7836,42273
gm,EKfmtqhoQhT,487,8226,89334
gm,iUZOhdcwyAUnFT,37,7118,67775
gm,FSFqvRUPNXXpV,946,21,59161
gm,XwOMZYFxZw,5478,6,36677
gm,AmzYtNyMzOxYILlGIk,37,97,73481
gm,znHIJUQKKMJGm,776,1,43554
gm,tPtVDLebUvI,1,6429,46422
gm,PHfNpYVuZCkuTNTT,1,897,66144
gm,NdwIiBWD,729,2886,94633
gm,OOIrAXKqnQg,3,227,73344
gm,WRyVwVCtCZMVbBRx,73,52,25757
gm,fHBhrSU,75,7,88196
gm,IUdWAAV,562,72,51687
gm,SKvfZkRSBmDeeh,46,6775,39153
gm,hIukoGnZ,354,89,76436
gm,dRiNItti,8942,4458,87853
gm,nPTCyLXN,26,6349,58766
gm,YaMBAtsFlqtR,13,4747,76115
gm,HazCCzcMh,18,864,67142
gm,nvdfMeED,836,886,93918
gm,Kfdfc,2,42,82566
gm,ZQYivdNm,46,5,48466
gm,yvUwNJllkbYSbqUpeMh,1633,7,66292
gm,WIFDobwysQmEQHba,5,7,97838
gm,xuvxbXTxqh,593,1841,32155
gm,qNWODSpJd,325,121,67139
gm,fIyyfyElVdQNNvtRS,7989,7,53387
gm,lHlSWIGrNQKaLODqpqE,12,727,98288
gm,WqkXbWyLTQajVn,7972,168,92538
gm,EMNqJCIYItKf,1286,138,14791
gm,yMLAVMDypuCng,7774,828,91878
gm,WsMLkubjfOZfOPnF,83,421,81438
gm,okiDFwL,3791,174,54286
gm,hxrWyMmTgg,8,5,43839
gm,HyDiKUMIT,149,4,64818
gm,hIcarAEV,2,8,62175
gm,sXjGoIDVMeV,6827,1,77571
gm,lbjEHHnLVQDQ,5925,94,64248
gm,kvniGhtyeZ,1,999,33123
gm,eWPtnKaZDxEdXyO,81,48,54762
gm,wMwfrPEoTxauZ,74,2,39934
gm,qjDUAujpQfDV,9,12,31434
gm,DbzzoggIfAAjb,239,6,74489
gm,plKDorjDTmSmeIvG,53,5511,37991
gm,YkpUCBJanMlcmOy,794,362,55582
gm,gXXNcx,28,44,72196
gm,Fzblg,682,7164,46198
gm,cfvLn,1752,38,51134
gm,UHoYjJCocoFbCVBJbdZ,3,5388,12938
gm,VjiXLRKojsWm,4237,3621,38425
gm,CkNqxGHWGafBAlepUgd,39,49,86948
gm,JUXyFlgLqtyFXGJIjm,6,725,64481
gm,ejDAsRpaDdvdMEez,988,64,48379
gm,ljMMWCraBISnFlEpOG,6,2251,98488
gm,RHGwhKnfDKjE,269,23,28683
gm,mtlVAJ,39,95,17338
gm,cntowZrJvxDrTffcmLW,1,9,12857
gm,HTuEswcSk,338,9,14928
gm,AWWqlJrKfDlun,9,5,14847
gm,MsRWfFPC,4,1692,43519
gm,ozbkPmSTJzIKEpd,32,1553,63398
gm,iOBHHBJlXKhHE,7777,7676,86223
gm,yhekX,5296,14,66616
gm,UxDcFUxikp,8,7,29715
gm,kVOmxDUqqys,47,9444,83652
gm,IOQrZUVDIfG,5992,9718,66532
gm,MwGeZvXrKULvdiJ,24,3236,58978
gm,tFpvVYMb,8231,1418,33333
gm,yXqBZXk,7,256,57544
gm,EWSgUxcz,7,49,52181
gm,OxyjSpkNslOkih,29,8617,83423
gm,EWawwugVD,9,2,37217
gm,MqXgjnTNBGSGUp,1615,635,87456
gm,kVCrq,92,18,76599
gm,SUjkoTabnK,9,5476,38549
gm,FXUugl,23,1657,18822
gm,azkgF,4,48,99269
gm,lyufe,7246,73,52119
gm,FjsyLdVCOIbJEWQrd,287,2,13919
gm,NqHVcgAoUMosijl,8947,1,83179
gm,WJbCoOUPOxkdk,8288,259,43924
gm,rQEGGUJtYFnkbEf,2322,2,99424
gm,inSfILCNwTlCveiRGxw,548,283,66993
gm,NKemvDlQjKLymy,4682,13,64416
gm,jKfrgdXHnyrekIX,498,65,32114
gm,yQkTqRFuEEJ,1,15,75158
gm,yuNGqkB,3571,2,76858
gm,MJHUdYOEKSOVJfy,9,4,46358
gm,iZbVZMWXVOnC,1293,1,49386
gm,QJfWQR,2571,5,88474
gm,TMlkzKYyXxFXj,3,36,65484
gm,wlvSmZJU,42,392,92895
gm,ZKRAsqlXrrIuplFsAQgL,2,715,76699
gm,hdsWsHTQgUFvaBaj,92,6233,72925
gm,BsIIhWDVonpnYevxXnxV,3259,31,36238
gm,kbDEXtyVWzXktWkn,72,2,35657
gm,hATtvgYAWDbAXQJJ,28,71,81951
gm,yuemyA,573,31,34258
gm,rvaOuuyppgwMo,43,828,12197
gm,MsfhFq,261,291,21418
gm,jnQFaLcIZcfN,348,7,62668
gm,oFGYqIXqixZEEZ,2799,7,69255
gm,yiWbtfRuZxDQmktgGGZZ,2,5641,99127
gm,mHvSbxKg,6683,2579,82717
gm,eHMINkvRLvehE,6,18,97598
gm,lBkdbphznwpaX,946,2745,14357
gm,qefKMrldyKPP,1943,97,89475
gm,PVnDLsznXfLmv,42,35,81742
gm,uieLdaRB,9996,4764,73566
gm,KYRSHTgIpnklJQD,266,8246,49243
gm,UqAHAlBhW,8164,7777,19937
gm,fdRlgJeQQcRYpQEmmV,6399,1639,62651
gm,DCfLYQwuDObromCeQ,43,79,39358
gm,XJqjSUOLAGS,926,438,45973
gm,qKfYBCvogrNF,3,2,29768
gm,uxRxptdPBtqbsIKGug,449,35,51112
gm,GosOwFuYiYpJHZ,2,67,81654
gm,ECnZoHnJGhxMOx,1112,563,86467
gm,oAtIHxtflCVQ,28,1,92889
gm,AxteZ,483,62,86962
gm,eFFWrpiyAuhOkttAYdxG,7,2944,55556
gm,JBPmPN,43,8,97866
gm,JLBOPJfQbfUovdk,29,91,25944
gm,quzkhikrI,5641,275,56212
gm,EcAPYDqyIqe,7143,85,25476
gm,VuXJA,32,8143,78293
gm,FOBhaJATEeFnW,2,5566,72388
gm,IPnxKdndbsF,5,8,52386
gm,WRdxexN,1468,5716,13786
gm,TaQEUlv,3381,225,96155
gm,AJNxMHfPqoYHuRLr,82,1449,85781
gm,xaGWb,831,6424,67584
gm,znnNeUKHbBdesMLGvYC,278,8356,67863
gm,SgpqzHUgOBbxdniuJY,44,1215,33321
gm,VmcKGIPtGMYmEelgpQWP,5874,5,71747
gm,VpCbDomLzgdzi,4433,6673,86142
gm,JVYASsdSwWYZhrIQKwZM,951,5,89628
gm,gkYTLErq,25,58,98859
gm,gNqlN,15,426,58353
gm,krdjBOTl,8,14,12158
gm,kwpggiKwjDsLcvak,662,5269,21522
gm,wNdxuFbfRXLer,454,4972,94973
gm,zIScgFDgsLX,717,1,41425
gm,druudAOygCJVLia,2,11,41113
gm,NvfyTk,3322,2338,82212
gm,ruweusssRROTo,19,971,16841
gm,QebpjMesKeyBNK,98,24,95852
gm,aJtnrRZoHeHzGTt,9,2,56485
gm,nLLNAekbpuTHewLKdEC,7253,1771,38677
gm,XwJzHFsqnnkHFP,917,545,75635
gm,cAtDEqxyKOcWLnSp,612,76,91635
gm,ofqIzFrBjsdKAdLzFK,5,6,15971
gm,lEVcyReQSeQwedMJ,8,4399,21747
gm,afcbdCbdk,595,8,98916
gm,KxSjT,337,3,91335
gm,edIjqhzbvbL,674,26,22158
gm,kzZHgqmaUpuweEukkBNY,98,6212,86798
gm,jrhHSUJjVN,17,13,15988
gm,qhXWoKfoxfPwMn,736,1,26863
gm,doFYIhLKMe,39,88,49313
gm,uVmlbRMXiF,4,6735,54824
gm,NvoWKLuQipeRDBqFNv,6385,718,74535
gm,UgjdfQDSCJQPIcWLf,38,766,68596
gm,DZTjdUizJMu,9959,3965,99125
gm,PsZfMoNcsVbvBA,378,2146,39532
gm,EdxhgRmOGUbf,1,533,18297
gm,tBXZARpE,215,8,67456
gm,rURKtjwkr,1,713,63226
gm,MBaDeniPbGQPHckeH,1,772,71183
gm,uHpBBQzOHYeDI,38,6255,88823
gm,hZKKDfxbJisllSfzh,7253,33,19672
gm,ZQDhsoakWKHmegT,9,3535,78798
gm,twYIXLEMWVBLL,4295,89,12566
gm,JiPTpDMVRYWcdDurkdiE,39,53,88256
gm,uogHNDBlpWlX,2811,7,22753
gm,FdQlHgbfv,8522,868,93638
gm,KFwQGHYiPAllbZi,6,54,28695
gm,SDaBcgTmZBsUWuaTife,676,374,57772
gm,wILmDqnxGtMlvIchA,1,84,88571
gm,FYHSqSNJVtCR,2,8,49312
gm,dRInGPowcOLNlRzav,5958,943,95554
gm,KAcTvorOjNuH,1569,38,61195
gm,iXBwKczfH,25,7,51776
gm,jKxBg,8,175,44616
gm,rjgzHA,4137,447,31767
gm,kKmiAKmendw,26,369,55577
gm,VpLNWOlJoJAlhVtFys,168,72,19874
gm,yNPiGNl,513,8994,19191
gm,WVZcrxLDXnYuPxKBdbDE,7922,98,16595
gm,wGlaujOGgxR,9191,56,35174
gm,buHcbHtwfrqteYrCwesv,393,8285,39571
gm,GjHTqMarXEXnpMbx,9327,497,91735
gm,ECTpqIFNfO,4544,988,75517
gm,mLRZUFsdO,95,26,77286
gm,TDkSIqKlAed,7,161,17668
gm,VhhMvMMl,5,1595,78676
gm,mCGWyrJin,1593,995,87364
gm,oeRFiuuLCkqIs,113,4944,61166
gm,KribnU,536,4715,96122
gm,sxkitxDppcN,74,55,57871
gm,bDRJNlc,6,894,78135
gm,aQhWU,312,6555,56945
gm,pHxmMHVBqHiZZ,5498,117,69723
gm,vnAPLLcnvDMH,6,8566,73993
gm,KfPjcAbAkWTAj,3,9,43199
gm,UokdNsXJXsEcNLJmm,895,215,86462
gm,aadJmSAOVLybinuO,2,1662,82894
gm,knxDypx,4297,3841,26518
gm,buzaVsRMxsXQO,5238,924,94824
gm,TbBaVxjhFLZBd,51,3,93694
gm,UdYYs,7266,5556,17631
gm,NwCQcoiaOFofGtHa,7917,8,64377
gm,yvoOzFzSVT,9738,21,76452
gm,XQIhjOXHanDWPcWL,9,9,62216
gm,AVypbXvnqBSIQ,638,7981,37265
gm,WfEgouaHYcXoagT,8,15,37945
gm,aqGjaJfRcEpf,683,1179,45971
gm,zUaHLiCRp,8678,76,37715
gm,fRnZOCI,6484,524,37122
gm,iytvevXtmW,2877,49,16148
gm,TOTYTbaYPVVvlruslD,3841,4,99314
gm,AVgAwGY,8891,6328,92336
gm,wypUOUtAHoMyENdkB,5,729,84544
gm,hAmuttrHeASQgFyXsUr,6492,48,91923
gm,RHtgOB,674,699,38293
gm,refYoZXXQHMEzZJgkilC,5,1634,29825
gm,Hwzpa,41,7848,84311
gm,gaLeXYGOhXFNXcXxzJk,82,29,79594
gm,GWePDHZAzgqeu,191,4,71336
gm,dOsoFhUVNAOJJjEzlSvN,716,2,66945
gm,XoZjsKroySdFKUJ,432,1,51531
gm,jpJXAZcsZmTK,32,1449,49538
gm,EFTtomueLXwwz,2,6747,27947
gm,AZrLkElaoyeqAH,85,768,45672
gm,poVGjsipzlZOoE,9,826,79848
gm,EMNPgqgXJcfO,4,7,33238
gm,gNHKcclvSvVER,2,2217,88345
gm,FWWbirxiQgsySb,9,2586,48244
gm,ljoQdNivdGl,8,1274,76649
gm,pAyDZwolpBswK,222,8,58231
gm,OVQnurSWLEhOvxfml,8,1,94632
gm,TtzLmANyhupNsvvALdd,5,25,88433
gm,QJfnLw,3749,1357,14459
gm,NlPAePeq,419,5276,25144
gm,qpvPVq,927,6,41598
gm,UimSnbeIYwt,3,28,59292
gm,HeHnnKc,6,1833,67235
gm,fmAOHxvCImNra,33,8684,45676
gm,DMiisYYGaS,997,7,17586
gm,GGViVBYJ,82,3339,68317
gm,rLeswRi,1494,7582,39425
gm,xvzEsZSyvuS,36,477,97773
gm,gqueDhn,496,6,79533
gm,RMkCTuDOVICCF,7,68,56646
gm,HIZjzymnBbdDmVHKdCLs,4,653,78778
gm,GmxngvdlWsnazlbOno,54,595,89539
gm,rfoTguLVXxkZpAOCsz,488,866,57389
gm,YkzhSOlad,14,1,32749
gm,PDwEYEs,22,974,58761
gm,ncZZVXzqi,6682,111,75686
gm,CCoOEIVkwtoehkTsyvGb,71,95,38862
gm,BaEOiBZwR,648,6,95548
gm,AEJRvdKt,45,7444,52251
gm,CNaKlwmrd,87,6,98977
gm,vFsFA,346,2,95878
gm,lGrPu,1784,411,25913
gm,VqnyEljL,9,4869,87441
gm,QELvVyKZyLfvpiSu,5,66,15579
gm,ShExTwuKwfxV,22,849,13216
gm,TwLwgW,4,81,64913
gm,sqjblMKLHfupD,17,46,37599
gm,bstkSNCxNg,4238,7373,39459
gm,lajssXxqpDehRvWP,419,374,65622
gm,TRbif,981,72,99413
gm,lOlqOpMo,746,3,35499
gm,BgObmH,588,4,35962
gm,JtqMaRDcq,584,61,36819
gm,DJHZmwhcwChyK,3,7,17178
gm,kYtssYlBjviu,721,3,46343
gm,prhsuqtkwNChjBIK,113,14,26922
gm,tUkjWmQKf,5788,8,28743
gm,cwBAfycKjPxNoSWtg,4,976,75589
gm,OdiOkToMkhW,1,52,24985
gm,VbejB,6,7948,84353
gm,IzQCP,4298,8125,94472
gm,ILjDG,26,78,51833
gm,arlESXpdIItdEpjBdh,375,99,84418
gm,pTZYPtQypDMSBw,7417,43,67161
gm,egwvrKzKTpydwTQG,238,7,31557
gm,bhbDltfwOuozJ,969,543,84263
gm,GOlbGqwdXVW,4573,73,65257
gm,kAKLNinYBLk,51,56,97954
gm,qCqoi,2,1564,71135
gm,ZvpCgXkLtcRp,749,4668,13288
gm,rPwIXFsmpphvHIMVmF,6,6,76852
gm,TcdljeIOWCBven,389,6123,12958
gm,FEkEYOHZHvqk,79,89,88471
gm,Fcdfx,8,1439,51667
gm,HyrebCnmAnSqTlMjX,1284,922,32724
gm,lvSTzuXhsHYy,6197,3,29139
gm,zEnKgmqR,526,16,25364
gm,mkKlEkRI,24,74,74331
gm,ydIlBzhgKR,99,9,16876
gm,snRJgZmziRYYmO,91,711,22136
gm,dQtGnuQk,1265,4,89471
gm,PFCJm,2984,846,38586
gm,VjTjl,1264,39,29581
gm,BmhepvrgfUnbkVoqN,6115,4,41514
gm,NOVYYDDmryCHPyQRRx,746,966,48366
gm,EBcuDqTAadCaLQf,3,59,49337
gm,WColLMd,62,6,44494
gm,zpcsUBhQzzportMV,6222,9498,13548
gm,qBBwoF,4,2,45278
gm,FEaXPDZ,27,1415,62519
gm,MRKMRXLunKDwRLxNefu,8,28,19329
gm,NkxnAJpiRhwAHsFCeFr,4,893,18488
gm,vJvmNCkyrhwMLaEwGAMO,1722,36,38984
gm,sATEIfqTGlesDkPVc,9,2,58591
gm,iblPDSYK,6,16,42646
gm,FiSKQ,582,1416,98616
gm,hxhZZrWAmNBMdGjb,689,5,61227
gm,NKqZWkYkE,58,7673,35485
gm,wcnxiaEvjMAakfo,87,187,45448
gm,DmqufmHvCR,464,4,36473
gm,EmFCldwosLqA,9145,453,51737
gm,mCCHqgFChWHAlrasb,4,3418,58425
gm,TmtsckOIsNuE,1454,71,26832
gm,BWvCR,61,445,86446
gm,ZzxjMsezideNrHImNN,2766,9789,51917
gm,qrCyauIBiyuwaJiN,8,395,53651
gm,JPcOA,7176,8339,84337
gm,InquxAUd,9,3,22399
gm,oFcVDFh,762,257,49914
gm,qLkBQCxxkSBUcZX,27,67,47883
gm,YvBJOOhBHeUzYwPmbiHA,1658,5755,98923
gm,cVEfupOUusyMjvCXQywe,8912,92,88219
gm,zpDOLQpAcsh,544,1495,29767
gm,QsVUhvZP,3,9595,63663
gm,ykQExJQTKvvWoMFAX,9425,2,31426
gm,GQmyPVaXXbdTIfACjx,853,17,88141
gm,awNENyEkWtZWOqNgP,4795,877,32764
gm,nkunQWQ,6282,41,72197
gm,STbJxpCPJlfCJNufNYb,917,31,93487
gm,BkvTDlyFcLiWoXZ,6,55,32556
gm,hdxRks,1693,979,39357
gm,wiCStcNeAvWyI,2,5,79419
gm,JEJnUJLC,974,76,93313
gm,jbzeRNYenJNZY,26,9173,91641
gm,sxMpGSzqe,4,4,37169
gm,oWLzoXhojMW,9,8983,52161
gm,EsAmnqUcUkTX,344,6,96374
gm,DLFZuadwdYAcwQOhMerM,92,6,25227
gm,qMdfKjjDTldsNaG,25,147,85268
gm,XBEgvxnMvoIjrSugDk,99,765,71148
gm,GfdTFkXF,88,5691,93761
gm,BLoWOVst,97,298,12878
gm,EVSgSiw,594,794,71474
gm,iDdjELYW,265,9799,33263
gm,MOneFTFcFanPVn,382,9,67147
gm,vXthXfxhmCVZ,432,949,74748
gm,rBUFhJtozMQwFJMs,8,1,93863
gm,wNtxRZgBe,7,4784,35282
gm,ViLqwAgikpVeXCgbV,6929,15,93939
gm,mToPw,754,4,53911
gm,LjLEUZiXolKwVxxlZtOl,68,67,38747
gm,QLqbIXn,8751,572,88881
gm,XmqFOWUmtC,958,9,64197
gm,OYNMXFDgfNHClge,811,22,18417
gm,fKeBRuCbXZcTRLFytc,6982,5,27693
gm,eJQeuxLFdSLHvfVN,863,62,15738
gm,nQeuJMuHxEoZFSGm,74,5,14768
gm,VUtXeKnaDs,4,3617,17688
gm,VHAiPJjjaISDbVBdlaeX,6,34,45178
gm,glTQIftISBrLuKvtpCRw,1,8447,97736
gm,yIGdNAMr,77,2,46293
gm,yQdzayoWCXg,8,4119,53111
gm,vFhLanxOojUBwWXWYQru,842,294,71219
gm,PoJhSDkvIaloXlervDov,32,6762,22999
gm,iqBzRLEnKP,5979,359,57679
gm,BIiCPduauwXofdxJGd,7,6399,96386
gm,qSEfDun,294,8744,18879
gm,IeYkkeqKIEgGYee,9,46,12388
gm,MHINCBeXWKEIDjuFd,576,1857,63277
gm,HKvHyLDyzkXtomcVIR,3,4649,87135
gm,WTGQAwIttRgscBu,3886,8,28371
gm,pSSueyGQibERyelgGyK,5,5,65325
gm,HxnairkcuRblGOESfgCv,734,7262,59692
gm,sBeGGwJaslnQXpj,4,7,66661
gm,IzNVyR,53,25,42925
gm,tWLDocpqKeLL,13,982,42891
gm,jWMhTwHti,25,1188,93114
gm,EamXZMTQ,2937,315,11112
gm,zCgqgOZPdUsf,4,4231,31543
gm,FXoAOw,746,482,45854
ar,86,gQMUjSMWMWUEBQLpR,92,69,55639
ar,99,OhwJreJAP,117,94,57432
ar,82,UIMAM,3,565,49756
ar,7,sRVamGqEYtzGnosrDu,541,89,55124
ar,46,NOgMILUPEeWnBAHQ,77,364,19142
ar,26,tiWdpABs,2,2239,98366
ar,7,wkAaLxrpGSWdCP,23,3277,26439
ar,6,XLBmwZ,7339,566,43929
ar,78,JywXXD,9891,6,67218
ar,14,fTgmDopXJZwNwAQXeXQN,72,445,98372
ar,6,JVQkJ,85,6,37148
ar,1,kRubpWrTivKeZu,7131,3,62972
ar,99,aKZuRFGebyubZiGLK,4238,7495,39476
ar,7,iXhcUNCpRSjMLPEncac,7785,3,29541
ar,2,UKySEqqPIxC,75,7273,72713
ar,1,wKaGuOvX,572,2336,71274
ar,5,SPwqbsCGPRLyriJBfks,89,645,56612
ar,6,WsqQmCfUCElJVlOipcyo,7298,64,29819
ar,23,sVwpnWYAERsw,32,797,18314
ar,3,hqMnCnif,3,1,81593
ar,8,PMszQAYnmOXdaeWyuWpZ,7221,53,85713
ar,99,BHnqJDBXXDemR,1,281,61325
ar,7,lFwoewsT,7175,4,77875
ar,7,RIQZryqRleRYBv,452,15,65542
ar,74,XJbuHWTtGsWEaKC,2274,244,24518
ar,84,wuHJot,324,4483,32522
ar,61,GPiMsfslE,89,1929,32925
ar,36,pEyoP,331,2596,16662
ar,5,lrHTIZYDzCAiyAxiulg,33,23,68592
ar,39,lbwvi,6543,5222,23217
ar,85,eTTVxwNcxcQ,147,91,79231
ar,9,jrtAD,452,141,96896
ar,95,qtAaXYZJfLV,9,3616,93566
ar,56,ikZbhiUqvZ,144,224,51272
ar,64,utecyxAipfHs,5233,752,22714
ar,38,ZfatCbBco,34,79,49922
ar,97,sihuIPX,1635,5697,77446
ar,9,ZaYfhZzLxY,73,55,42762
ar,5,TgwzkfhfkweaM,9,8537,97766
ar,41,poOuMNxAo,6615,357,84655
ar,19,UuRSIWMgZxXL,14,51,19444
ar,3,ELrpsBkRI,6465,1,68395
ar,51,puSMYxkDXGewQbYGtlX,1493,9523,59159
ar,2,vltsHXXGKuUDNm,3639,89,75433
ar,67,nijmv,422,6852,99934
ar,9,SKiyQhTutrUOpUkLGlJ,32,2624,31872
ar,33,VDcSosMqreTQqhJEtm,275,4,82167
ar,75,qXShwkQUKhfppWdrK,627,682,53986
ar,45,vnpyp,5,19,11545
ar,8,qdlkokeojtwAiz,8449,2,78813
ar,75,kPVRqScW,92,627,58123
ar,74,euOZfXoSONFaIgNK,71,9194,13144
ar,51,bZklWyKiBHibvCoRS,63,84,88791
ar,6,Vymkqfb,297,376,58337
ar,28,EOqDHFSFMpuBLBlloLt,65,9726,25397
ar,2,cLwJBDrM,4886,52,94135
ar,98,ebSKdDOR,394,5,68589
ar,2,lmJClDyOBuoBosLZXVE,15,147,96531
ar,9,eGaLQElP,34,6399,17826
ar,7,OvXwDrL,379,9195,87152
ar,9,cGzZSnLHUSp,354,81,98858
ar,7,mWGnhGNsINyhN,7719,92,88726
ar,5,dLTuS,9,1,81158
ar,8,jUPftzhHt,4,48,17829
ar,95,HQvaEIHi,31,68,56176
ar,3,YiacPyxlWJCTgt,98,2384,25846
ar,7,QTbBgLmQhPUMhyDFKH,2,1212,67185
ar,5,nnWvFkrwy,954,97,65711
ar,3,gaxLWgqTht,4,5,56277
ar,7,mKPdqZChIfHfqJdER,247,8976,39754
ar,69,vycQvxkCyvXChr,5654,9954,37118
ar,9,JaUAffykpSuFpUf,266,49,46365
ar,73,CQqOlDBkGgswl,884,997,15635
ar,34,AjkzlHMmHFOWyR,84,43,11261
ar,5,uXffYlqBJxDAt,281,4988,62971
ar,6,DaWTIrBxoHKuowdg,152,922,17998
ar,41,bmsvewkdhBnW,8896,69,63785
ar,44,nNbVrlGJVZm,758,8,63715
ar,7,moenytiXmNPy,15,296,93214
ar,9,yFLMA,7,8469,49825
ar,6,YpFhVkVffPDVvh,8,3652,95247
ar,7,lRcoCQEpg,2763,6416,98582
ar,38,qpuNdOMdfMXOnNH,555,1922,55697
ar,9,sgduIBCrI,4327,7,77914
ar,57,StLCHq,941,184,82261
ar,85,CWRKPIeHkX,3,7,27924
ar,2,ZyYlde,3,592,92325
ar,1,HgMZwjmwPcst,5,7,86574
ar,75,jckGTWlzwMXvVGxLUX,91,41,79583
ar,81,gfyhyhiBBS,1822,77,81892
ar,91,QhuxovVCsReyLBMzuHn,9,39,32646
ar,54,yXbbGSNJ,41,81,81492
ar,8,pwNnBEqLxhF,5,27,88919
ar,4,lsUJupmG,2,6632,87993
ar,6,mRJxLJDUW,1,51,69283
ar,1,mrKhdbMbMQ,27,896,72841
ar,2,XKXYZhuwMsfZZbJX,93,834,68254
ar,51,xzkjufYgWDBbSozQi,1,8584,76554
ar,3,DnkqlhORzalR,4291,2,48852
ar,7,vOpzlPTpaXHsVlfNBY,7396,24,85995
ar,96,dgpfkuJHTBtasGXw,5544,42,49579
ar,5,KDWGaBvmDVSguekHj,247,827,35272
ar,44,ybAzWfJvPrfHY,38,146,99388
ar,88,mzfCdjkyrBCTxAlRfvkl,3,737,13771
ar,35,XZKEzSDsTWUbA,331,2661,66783
ar,7,LEXfKRzPjjvgefYT,4712,6239,87492
ar,51,JzQUyWruWVSCiazHKe,5617,814,86615
ar,3,WTuNFRTIrJaVy,1723,4,87689
ar,86,jIFMrZ,572,7959,88472
ar,3,QGJqaMRZYXl,842,1377,25574
ar,9,xMjaern,85,92,99494
ar,3,ysChcJLgGeUfMWV,79,6147,36383
ar,7,WKUgw,9496,6175,42397
ar,28,oxmIkWhOcNSyCiuP,96,38,52239
ar,2,svMCvejaEsF,25,9458,32884
ar,9,onYYn,2,73,18412
ar,4,drZtKN,44,82,77796
ar,57,uVxgsFWPpmM,711,1252,89247
ar,6,DTwwKKP,32,71,34768
ar,3,qcyZfK,9589,79,25232
ar,29,vsqCe,9,62,72316
ar,99,qfdFzfBXPj,3142,244,79194
ar,35,tBCBKyjcyljWnLxFm,526,9152,81915
ar,37,AYKWHcLEFPMoExGY,9728,984,43513
ar,66,fycRNsCTctm,8616,2,92837
ar,3,YsQRIjEEFxgUh,872,86,12915
ar,86,bGofEowEebXF,29,917,99727
ar,4,fbnDLKjaDS,5838,7,53649
ar,5,XtguKnQxyv,443,686,62978
ar,39,vgvqHKdnFJsixnD,1343,412,29229
ar,3,AAefHObxuoQgVQVsf,76,4291,11456
ar,64,KJtJju,6,952,23727
ar,68,BUFfWcJgLmsxm,869,74,59385
ar,65,NIdqfiDfQBtQcXo,9265,292,71788
ar,42,vALDLZQvfSUGvOv,982,4789,45794
ar,5,YUFKuGfa,339,1957,22686
ar,22,mvhBVXDEmzyYi,1569,47,32318
ar,42,MqiiiOXcs,83,6,69751
ar,6,GYxcsoyaZXpZpdGwAT,5267,663,79159
ar,59,MAgxMNZAdSrvIioTuwz,1,4556,14899
ar,7,kxLKoUWdagmlm,5151,6,15745
ar,2,sCPjAE,27,68,88397
ar,76,hmgbXrb,372,89,38822
ar,64,HRHXmGerModXNRZqXkz,975,5,25159
ar,9,RMLgytQoKKKZspv,6112,95,94841
ar,63,VLXhOZIrxyHFEfdCH,18,723,99242
ar,99,mpWFjVzRPkZ,371,237,22886
ar,4,zkRytvOBrycfp,771,325,29779
ar,2,AkuCZhJ,5827,154,98111
ar,5,sbNIUsmGqQX,92,285,67281
ar,9,bfhXyNzXfHAhWPUkXjQg,3,482,44221
ar,16,rDsQYSwCOhH,377,329,44452
ar,1,rFjasDsNIiEvxSbKvCuw,59,686,15992
ar,81,kwKALLkhvQwjosRHl,584,7,12512
ar,26,PppIiqJfCFnwYpUB,4,1879,39945
ar,78,PbWfrnuCETbCTyPso,8743,231,94393
ar,3,pHrkWqDuvFauEt,1723,9141,27547
ar,63,bCowBGXU,349,4691,83292
ar,8,SLKcbJhAeaKBKu,8897,27,42799
ar,53,ooUxgKOouJHCWvwR,2,49,37771
ar,28,ZrftVZURcukVACxafHd,1625,621,94514
ar,63,YOJZNUO,39,54,29114
ar,33,snvFWEqhhKMvwELn,166,333,23256
ar,6,bjEBbRHUCEPZfN,85,64,88531
ar,2,dhVqjcDmCeQUPFLGwQHN,914,434,25851
ar,24,BNbTmGJ,186,6993,41533
ar,5,mnAWiyBy,26,2,91567
ar,87,IBljjqLci,6389,32,28615
ar,46,yRVsXakSdpIbNEde,8,1287,15871
ar,28,peFYc,2874,4,15618
ar,3,ybFomYgdyGdIjvBieh,1,87,73624
ar,34,LvteEBLBX,4,578,34779
ar,9,JtcTlZMgvADRFeYJK,48,8,77337
ar,64,fowZmijzCGqgwQazyBCh,34,234,99846
ar,17,zhnLYVmmSLDdeywtUb,8,44,78495
ar,94,hYBmzjuQ,31,314,98626
ar,45,OuQTEFJgOjI,5591,6522,46722
ar,8,fprJfRImrxJIUPDq,93,8815,27936
ar,6,DzqQEgbbgolwSR,56,5681,89528
ar,63,MkdMkG,3,222,81114
ar,2,QveZgSKDxyXJcHzsTA,288,7,28772
ar,61,ISixJnkpcWXgME,33,8,84383
ar,44,kDWoIROVbYPblig,4273,2,13181
ar,1,XzuWaDiSSL,8,576,92929
ar,6,aWCgrApStuOmj,12,7,44919
ar,87,EqEBcyWDdDDoLNVL,12,1,85861
ar,21,iOpPpRMavt,2,2,25854
ar,92,zdPCRrQVEjzj,8694,5727,55373
ar,13,FFzmROTOB,58,832,84889
ar,54,xbBVhrBEstE,1,5797,44974
ar,89,ZzHpuoEfvRXRWAEcxAW,2,5,36627
ar,9,IlyFbzIBgqMtNmGRBsqH,77,94,24415
ar,7,ZwlgfxK,3276,3461,93991
ar,6,nYBJDrhTQqWlY,574,42,98636
ar,17,CCPxJk,29,477,18892
ar,51,lFyOESKkEAuFmffuDE,59,9297,28825
ar,69,yoXhxxiBlDTAwt,1653,79,74277
ar,66,dflVTuYVGkuhMFHBzoZ,21,2,57635
ar,97,SoMdLfSRpaVFQUasUK,3,8,69294
ar,7,lvYIqQwPBhhQC,9,1752,39666
ar,2,UrKZVyysyDTVN,48,1,94119
ar,2,XqrXlxjbpjFRUpLHquR,364,897,87629
ar,17,wuDCltutEvnAlVszwq,7419,6641,24681
ar,15,UMoTdKYJdrGDpY,236,6325,76735
ar,5,pOtxXN,2,6,11113
ar,2,YCLoBjOg,669,3468,25513
ar,3,ybvGVOdz,628,73,74975
ar,6,mRQrqgxpLvatbYBKi,1418,35,19112
ar,84,pqTRDfpTK,4461,98,48561
ar,93,CQWkmnUGxcoqa,95,99,98244
ar,24,IJNxYUWeBHyA,45,6789,84288
ar,91,dUYpeLti,8,1,36843
ar,44,KtSXvyUVHq,815,11,11578
ar,53,ruTGdVaRTJEKjnH,373,3595,89191
ar,21,yhBaooPNSESV,555,2912,28656
ar,3,sVthZd,34,79,29235
ar,24,WdyqksVwGbGcxo,8,9736,92967
ar,26,UnwcvSvAhxuuHG,1,298,64797
ar,46,EzFRDFHgaCEis,183,3,57873
ar,7,qUWjRFxAKRSvRV,4,3,64255
ar,57,btEsiqlZBbCXmqEFo,15,366,46436
ar,3,VcsLUHqSmOvt,7363,54,68536
ar,61,OyDKUBlJktMVAlTz,5,2842,77821
ar,7,BbhZnX,62,8293,53538
ar,45,JEbCIokZS,2,6,23793
ar,1,QnCBlzrsjUFqpUUz,8,159,71353
ar,58,yGEaLAPMc,86,2,17336
ar,77,KOwdxq,7412,1759,31832
ar,26,focZplefxxov,4452,66,85385
ar,59,kgJqFoSIVQjv,558,748,97682
ar,85,lnvakOAkBWqKpleKGB,8256,18,37823
ar,6,FnlFWypxMptMzktvikO,8,2,38825
ar,2,LQBLpPUdMarv,5543,6,95624
ar,4,wciWHJsCUFnatX,483,795,13329
ar,26,saqcrekSpK,3,87,17191
ar,4,ltesAbZD,997,9,31221
ar,47,GStetCdLciOPHwv,264,54,54943
ar,1,sRYopLeDS,4,121,44943
ar,9,dVmRhH,7,85,16766
ar,42,EamApIWlDlBmX,3,88,48356
ar,51,igMdYIJLlxo,9549,2668,41926
ar,89,QMzEgHEWbTcusLUKkLqT,6925,4684,22283
ar,74,atlBIWmCLoeEA,8,72,23735
ar,26,ZYrFeMnKHTVsMUH,456,2472,14952
ar,2,ofhkEGPetoSv,29,26,15359
ar,8,WYlgdoDnbgURtjbNyaaA,1,2,28354
ar,1,HHOJYetvnjLQ,9288,7337,66639
ar,8,kxGSQX,4162,297,11928
ar,8,mOUGvP,6592,4,39446
ar,7,XSbQEOCAMbz,74,8734,93424
ar,5,qqAFhCQ,4,7382,99354
ar,19,LvPMI,1483,99,81764
ar,56,iHnquBZKTErwDAfQvd,493,9,68278
ar,75,EmhFuJDseioJPi,6514,9,83287
ar,31,LSLGL,31,2339,82435
ar,46,EGUPOZRnMeEklNQkGtJC,1913,7162,11827
ar,5,lQQoAQyeUsQafflmw,781,412,92794
ar,73,xFmxSGmDJlxlddvrexr,49,8,98949
ar,4,teTopYZxEfBPFXRrFh,26,34,89881
ar,8,GgqBZoVUErE,7,8,39651
ar,44,usNMKVUzOUJWcaq,621,2698,48238
ar,8,WBBBYQoBSpBSa,8,3,66827
ar,8,ZjYedhyqpN,9575,76,69367
ar,3,BxhNidrhETiEcx,848,6879,12718
ar,96,APzvUFGriHgE,24,667,86473
ar,9,JBWXrKdjYCFoSAM,616,75,18686
ar,78,aTCvwjRIkArEkZGDmGXW,9814,2,21346
ar,86,qNmENEDirCyawDyr,4,59,19267
ar,5,TpSnHNqDTwLPOeldV,5,326,39137
ar,72,yCBjHzFlbpueFtliBS,8341,2926,74999
ar,18,FtAXniIuAnQmGaNOQq,616,5821,62752
ar,36,lddcSn,2961,4,68257
ar,15,omHugdEVyCmOV,45,36,59263
ar,7,VFXIbKZvkxp,56,577,59624
ar,4,THEqqkHH,22,5,18266
ar,82,kIZMJAqnkHamNCGM,741,2,76391
ar,8,bYkdOTSbrYaTjQx,137,2927,82789
ar,13,IulZvDPQsMRxhHUQ,6,8524,81889
ar,66,XFnMrDN,1,2,29263
ar,13,mDhLVlksEfj,92,79,72985
ar,31,vNwxePdLs,3,866,52817
ar,17,cXjDjYafecKMWrILeob,3161,127,43647
ar,34,eAytGUAwWGox,6,177,53117
ar,8,uKoPrIogn,2498,5785,95783
ar,82,EjOrCyZVCP,152,5,82416
ar,36,UGabcIhEASqzSgmC,9951,93,78763
ar,91,oLXSTZhNcFEAE,2,53,12952
ar,24,bKhwuNAXzQrd,2466,9451,98798
ar,13,AXcUkOC,2793,1742,93353
ar,76,EMdTvazUVfMGSHITG,46,8,73564
ar,4,DsyJKTPPXvTikRib,61,568,25759
ar,64,vWxXcIXKqlbQXdrXhT,6834,537,59896
ar,33,lltWJXhHcCciWzGrDbKw,4,5417,84994
ar,9,DaFaljJKmQQsXrNUQ,268,3,83323
ar,76,snPsNCLLqEY,2877,371,41229
ar,3,xcrOVkfJJY,795,8672,71866
ar,19,kQJKOyYaejvDaX,329,652,67718
ar,52,CfJMgXNWDhbgBITm,6,688,48527
ar,5,hcQlpmAkNELAr,7,654,72116
ar,86,ZJNwajviXHDwmV,9144,3,97735
ar,88,QwxEXqUoazMLTRRwTh,4889,256,16555
ar,41,kfWTshnFZBsmardIDxHa,2714,98,19716
ar,2,IBivgOp,718,6317,86312
ar,3,ZhVVDAiyfj,4,6,68393
ar,8,QnWmovcZjzxTXjIyp,4,572,42618
ar,7,eKGvzwGZPifTh,2,9743,26583
ar,2,haKxP,45,74,68162
ar,4,CxDIZApXwrgep,31,9724,17737
ar,15,aOZXnQXSbTzXdJL,6,7,98822
ar,8,BUoXXAnpz,2629,886,52613
ar,27,mXXvE,831,72,91922
ar,57,QhwLkVDQjKiszdtLcDDX,113,953,72981
ar,82,bjhufMgKVnguD,6,2,55722
ar,44,ssQIX,521,9,49453
ar,27,MWZCnFYmBceD,5796,5,12345
ar,14,IBCVAyPiLv,663,66,19482
ar,79,AwRWqmiHQIyVH,22,6,21626
ar,41,dMZlClIdtwQCkRf,33,3,87837
ar,69,lvajV,7238,33,82424
ar,23,FpZkjrlhDCZvVxrtSbYL,1,8636,68273
ar,2,usfwMZSNMUeEMgW,9576,6983,62797
ar,4,uJgSUcrOYmDGXC,473,28,78347
ar,63,UKvpsNGIdJJO,13,6243,93965
ar,4,GgwMpRbnZ,4749,44,31974
ar,6,Hdsygpz,16,17,32716
ar,77,vKidHFSiIMpou,872,2,12626
ar,42,FcgpjU,6531,24,85251
ar,63,YFsiJqYsZ,1781,21,71991
ar,68,yZgFYmLSytUZNYa,359,473,15169
ar,28,bVuzInoQoSLVJeDInERW,186,2,56836
ar,8,mSjnn,49,5711,51851
ar,3,wcOaROaYI,9448,552,38547
ar,4,ygmKafoAAMsMUgP,141,222,14533
ar,95,euYstTaSNCUbJlhLWGRZ,2473,7378,42941
ar,39,ZgwYyOmym,592,76,89562
ar,95,LJBAkEwhDMNxK,8,8,38823
ar,1,wkGLSaGnnQEdRRLtKB,4642,547,52589
ar,63,KlarTJMxuUxhvuPL,3,9384,44851
ar,83,boAVbarvxdia,78,5166,31743
ar,1,LTVVCsXQlsIMMZFxncmi,164,872,74225
ar,34,wgylpVNb,8845,6,61774
ar,98,bIAuMQ,7,7367,47565
ar,56,OEGjDtAbJvltwXrdhSxH,437,994,21648
ar,1,sdPSUeqmaewqOR,9,348,63346
ar,56,bjLqUrhLrHNgw,46,764,65576
ar,58,ldWsGz,573,4893,26335
ar,98,aRWvT,68,8848,68563
ar,51,YiYJdob,281,4391,23952
ar,41,OpdkUIYEOIzqIakze,74,2,55287
ar,6,czvmwbXCwRNGfvvwN,1678,37,98587
ar,6,ttPig,745,112,97774
ar,67,hMtusjAGJoD,55,953,79712
ar,9,NQDxb,2,6342,85991
ar,66,FsGKzKcQLaJFDBrk,1232,8,99155
ar,1,HHBsyLiXmLVlzGxrhlO,4594,8669,82715
ar,94,daQwOoXEobZGcDcikESA,2,6466,13322
ar,53,USAAIdYF,985,9318,71623
ar,5,OpvXMRYthEH,162,1887,96955
ar,8,uHtnfVOUHtzBnGSAO,18,798,22174
ar,8,zbQRBxEcvnhYvLTEbG,9971,528,79967
ar,6,CGLRuGsH,3,3,49631
ar,75,CbDyV,1,99,84161
ar,5,sZriuUKMAnoHrmPz,8,5,28731
ar,12,RLJCw,6,624,87269
ar,4,lPbqYcrslPiSOyShLreA,6266,866,83631
ar,1,EozPzWvwoYyBZZwb,1,487,26931
ar,5,PqlGNB,42,458,82887
ar,87,rkSVvDmHpyoH,768,411,23451
ar,2,QZrWStiE,8163,4,54473
ar,88,mSPtdmagK,8,111,81835
ar,3,qpVTVcrmXVju,1811,6,97457
ar,71,VgWKAAEStZAUQt,4,619,97214
ar,1,IXNZQTCkcrpNsMqP,4593,1,83393
ar,11,oDGDsfAQIiuIaJ,6,299,71715
ar,25,mMjrkFOuqDjg,936,9,26789
ar,1,jZZOceGE,34,6479,53219
ar,18,ENwKDTBXG,8,37,53234
ar,6,czvGmiQVjuQipjFjmkEJ,62,1,84863
ar,6,AiYrgNSDTDiyQpM,929,7,18858
ar,6,cPJupyIEp,7,755,66349
ar,6,ScwhizTzoXqWhHDReWgH,618,112,94844
ar,31,XKSOVRVsSRTBa,666,55,27594
ar,3,nEUTWMVOzjcogdKA,9591,2,91262
ar,6,RfhIgTbcFAgPHaqwTIX,5,989,23134
ar,14,RkjYTUQJJSb,699,9,43391
ar,8,oBDrgf,2261,4,77452
ar,2,dvzDPv,444,7,67461
ar,16,bbTVrVEMZDwbIshp,49,296,52529
ar,82,jlpaPUsvQBy,5,6838,31214
ar,5,ELbisnoidAqbzJ,694,3,58386
ar,24,AftvapE,4,7,97478
ar,41,OoldKWzTMSHTWNrokFJA,7299,96,27897
ar,4,LClinGNRWQxlERaWU,5,587,66725
ar,74,AkgTZEJSdEtmxpdF,494,194,21369
ar,75,QgAYMMQAHQeBJgBHx,724,9331,66138
ar,6,fqKzVcDiIRelpEzTkyiU,525,83,76713
ar,4,soymNw,7467,3117,93968
ar,1,vbplslyOBjKfpyhTBXWM,4,4,11713
ar,3,GWtHONArAXtYM,3,9566,76111
ar,1,dsWiCI,9253,689,56676
ar,2,qRWbI,486,2,13766
ar,23,cxuZlGj,154,853,36947
ar,48,cPcEgSbK,2376,9552,41132
ar,63,aJJazEkQRGYX,7536,9156,85193
ar,6,ujQmfzRDGa,1,69,96527
ar,7,YakLHZDIhjhKkuoJnS,878,98,93583
ar,51,nZOdczsO,2378,7547,36216
ar,27,usSmoZNpKqs,441,736,14332
ar,2,QNkHKZogwhFSct,2958,9417,63816
ar,33,CtsoxZ,362,24,73671
ar,8,tdeNGHJstqTohhuU,5,5429,95974
ar,23,jhtzWaiRWTjcsfvyI,915,8,97147
ar,4,NMwiDX,63,9,38944
ar,3,qbmpjfCdfW,3,4383,42253
ar,2,GSvIRpbJEpdKMc,1635,13,95389
ar,2,toftwvmXg,5,4982,29958
ar,3,yzlJFCeZcD,6,5985,11185
ar,4,TcWHsjbTltXnsQTriC,75,321,64146
ar,35,uANpSwQmDunJvGagOYgS,6768,67,25475
ar,15,lJHLMBNNwt,53,2138,25647
ar,7,muBfxDVXs,8,3824,33231
ar,6,CtPHA,5675,4,11489
ar,43,qQcojgmhHvY,37,64,33336
ar,1,qbMTmntnSQMANNlEsyAx,8,4127,65568
ar,41,cCmsZJXVmcNz,9,3358,19144
ar,23,UwROqLYXuccttILo,4678,2483,62286
ar,4,ZBCajVsUBWHPfx,229,52,78657
ar,14,dsstvQNCbGbnEZVH,9399,1367,18226
ar,3,dQNShruLtDhcyZSfx,1,8,49819
ar,9,duOisC,64,4,34738
ar,73,TvTXaD,8,8961,88499
ar,67,ZoBruRPONleSGC,83,2799,38222
ar,19,SIClOGjNTGrHScFl,93,3,59135
ar,69,wzQzfDnziPjqtxQjPB,468,22,34317
ar,51,YiZUYvPjCfxKTthQ,54,621,16237
ar,3,AZUuaVlIQNBsfjwcOv,741,2,33664
ar,5,mODrJWFnVGw,1736,5,54737
ar,32,KnqPI,91,9,35819
ar,81,boqstdwZOsmV,9,3147,28188
ar,7,GZvhZZXxVeTAJcfawDIg,19,31,66888
ar,17,EjGnZhPM,8,4168,64895
ar,56,AKDWJOxDAedtUH,8898,29,51764
ar,7,PXKEHrDJLP,888,138,76184
ar,24,HeSqrgsWHkKahO,141,5,33227
ar,36,PJHVhuLRRYgIuOhD,158,775,42792
ar,4,mqJmFUjjgV,81,851,45457
ar,5,SNkgmxkbIfKDbeilRwK,322,6,38187
ar,5,xvlMrNjpT,69,752,81126
ar,75,GxoCIRW,4853,321,85524
ar,7,iLEUqzZRsNmzpzPeDzI,1,69,84756
ar,92,NwcHQlxjzjVaSb,7,2,34857
ar,37,WPsHFpHQFSG,4114,39,74388
ar,1,KxetG,67,476,26241
ar,61,iOKxQfSFtwFSXR,35,42,55472
ar,26,LNdhQpjFuTZyXx,576,444,62973
ar,85,ihXRz,45,6,86113
ar,78,uMCRjUKbuCNWBWDNXZ,6149,5346,33373
ar,7,PWVZFpioNB,3,915,93961
ar,76,EfnSlIycHIJdyDQHP,3139,68,67384
ar,81,SjbmCqztMYPcSwadLqce,755,4662,62581
ar,28,VedPKHlDPxCqOuho,899,5512,32297
ar,69,xeNPGwcBSLCRVqFJjiOl,28,7519,54685
ar,8,OUmFxa,66,76,13765
ar,95,ZwnWTDJIEeW,9,36,12216
ar,4,yBhyTeExw,331,4,74245
ar,1,FMgYHnJfYl,1997,237,29423
ar,42,vCrfDXLheGKvF,873,93,31961
ar,98,ICzfOfflbEngz,9744,863,37198
ar,47,rRKcoUZtnahnBoPqXhFz,8885,974,39832
ar,13,rthocrkAVtggVP,83,663,67415
ar,3,zJGNHSHshNHKCkx,84,817,28873
ar,71,qrnAEdylPNZhvmyCj,815,231,25283
ar,2,PXhqKR,2949,6424,71899
ar,48,GgzuDkzTleYQc,1259,65,44116
ar,2,EMpQMPaSNuQRpsTM,287,12,15868
ar,9,zRbaSzwKXfOmNIm,79,58,87583
ar,7,aOuZqrdyevgoRdQYGyjP,7,4,52423
ar,13,QHbBgkpbmNmqLA,8,3,23435
ar,7,lSNxHdfgcpIwuMx,554,5,12283
ar,1,elKHdyrPe,96,8837,63163
ar,43,ViWkJsZPHYsKGiK,4164,3,14412
ar,6,AfPoD,753,579,92575
ar,93,HeMgBJKt,1161,6,86435
ar,68,nUixKNwm,1254,19,51772
ar,1,DBHDLHFjBrF,895,3,12924
ar,4,hzZkkLKYkFv,95,4199,78319
ar,71,MMvdXiLhsQBxtFbiUJQO,6144,7935,62553
ar,5,ugTUrvV,442,39,28312
ar,99,ThtMgjIiMAwHioF,8,55,18656
ar,49,mYdXOvgeYt,4,6238,84595
ar,91,uZNcEjBNQGMtejioaHYW,1,112,63352
ar,8,ojQAwFolNCCbDsxVI,77,17,72499
ar,3,HwgWoOYlF,2,376,49657
ar,2,ImcVwBY,8,1,72796
ar,82,VhxTJVKEhpPBCy,27,4,47385
ar,93,AnTWnuE,47,2926,25891
ar,6,IhHgcpxRohIby,4,5716,93245
ar,2,APYgIZVkPYUXbnj,8923,9,36567
ar,4,uBWoHPIo,4,57,69777
ar,1,pUEKUFzThESeXe,395,314,51961
warn,EwJZbBF,iUbDmAzWfhRZ,529,36,58426
warn,gqNIfmrcceaMUtXBc,ewGEA,882,1938,91489
warn,YOWRBJdLxqCCDfjcKW,hobxQ,5192,913,17846
warn,CjyQHdroddl,uEiPl,7,6,68928
warn,SQabkyfWNNuY,ZWUFMvwmXjaqNwrd,457,6133,11692
warn,dnkFgTpcSpbNtFujb,zHWIWYpfmi,57,67,65652
warn,OcYFAD,lyImkogMnicvuP,9221,9,66489
warn,rmHofymOVDwtN,oqDHkMPoocKZuknk,99,1927,32426
warn,A,lZpINesjXKs,6885,8,13221
warn,DtgmGthHXDltVRvO,QdUaj,7657,9125,29516
warn,ANdPhIcQDdkddjkao,HgmlzVoeALUKmYNHgL,5,5,46195
warn,vCMROqHsNXtOYBthxqYH,TzYXPWacsn,5718,3,17819
warn,kdxTJvbIIsmcD,wPSDhhrMt,6,33,96838
warn,ipfVlQIhm,VjKfbbjoEKuNOqgnOxf,32,6448,18288
warn,Nat,DskhyeBwq,683,3,68161
warn,Qox,QFnRckPNbDEACt,492,5739,29283
warn,eIO,AQFyAmeuPPVUJwtE,9,9129,36312
warn,YXdPziQaveoa,rWNuBEIFdcaDRHJcsKWL,4963,1,86926
warn,nRVQauyAPfjl,RfIGsYZaJ,14,366,37322
warn,uwaikBDMxUswho,CPqxXm,2486,27,83886
warn,hBHbXqsgQbvr,psRxSuZFKwsiATFruPNm,5224,3,14756
warn,KhCwQaQdyObTlicvKdzT,kSrYngciVUWEMPsLAOd,7,94,88478
warn,zPqZYTZ,FQVogVGhW,9952,8,79663
warn,gdQ,IGLJfRdmrLdJoQ,94,4,97575
warn,ZQzsYsNz,XwiDBGAW,6653,8731,71571
warn,EJwBXdRJKSg,zvvMighIPMUkqSILSNLd,4868,871,42197
warn,HhkuP,UFEPYPIXlktmf,8277,24,41715
warn,hmAkPpl,huSsq,12,3,93842
warn,GlzCB,SkSYEoURDvEhEdrCd,964,2,56465
warn,cYVYBcJ,HilbSqrSLhCfvx,5964,64,54458
warn,wzQnBRTKZw,NyCdCtju,289,134,21259
warn,png,GvOooV,8338,45,22465
warn,BcRJdylaRG,YEnfX,6363,98,79621
warn,CJkfmfVEmCJcOrRHw,DIwzwPQtNowtpl,6318,357,12135
warn,TPj,TbgNrOdVqWGCuRUM,264,713,24516
warn,PGMblXpVAIA,hpOTontHqute,4342,737,82299
warn,DODl,rckHvecfGtNMSLPNFDlz,19,53,48176
warn,GBYrSSLZYcLWtI,jIgkVCpLxDqtREaNyO,11,7,17324
warn,oPmFnXAfSU,OOhgMz,7938,3774,26967
warn,MataowvzxZD,LkLVXVzf,5,8772,14447
warn,P,pqJaGFPh,6,7153,97334
warn,Va,RrsOsZZmDgvn,3273,5,64978
warn,VfEgUYwLNUIrAfwbA,JXImcTWj,1,6,65299
warn,blWacmFgGOUcbNdjI,oPxVYaNWyMO,6328,9,27978
warn,jZPCocRnvDi,wvOOFXZuouFctkdF,88,8,74568
warn,ShRdsfECtqJEjTChEos,FFeZXNWhKsBhopIldL,725,6226,42614
warn,JuTmuvTgMgn,dMLlgpKYUxoQs,5,679,37722
warn,yuFwfzMAZUaIK,FYbHnNxn,57,36,85494
warn,H,TDsJHjSCB,1944,27,26311
warn,hc,ZGDLueKAEvLqmZ,713,16,86492
warn,TtZBJxaotD,XzSuSkredJb,78,71,78557
warn,VtcjyCuPzjscuMVlx,pTUYtyYopTlt,19,6,75451
warn,ZfYzrPHt,oEMojdRmeeMa,47,4425,18376
warn,GzNRqIVulpbYP,qvMbSUaUUWHuMXdDx,2,3721,92985
warn,NWLpUsoSZCSOo,dSnJJvXuxQKRYlDRrKBs,3988,56,19971
warn,IhuMCGmo,wSXuqqxwdCi,285,3,49612
warn,oJMcUqWNzMPJo,AnaoEDphOeOo,974,568,61535
warn,EaiXxVp,LdZfoGCLBFVOdpPYm,3272,7771,12639
warn,mhAxsLjs,ppmTRYynUkvRC,271,9193,35659
warn,O,VyCTiXiY,6,91,66966
warn,gysIfaxTTPSTurjAaxpb,IeIhjmFP,7455,398,33144
warn,xnKoEZEZFCkuq,JmQCrcrlqYcqPuaEJD,15,6798,54269
warn,UVlGJJlvmAFcKr,ZasUWFZls,34,766,25174
warn,Zz,DEhHccsCyktDmLiTjGww,333,5361,94735
warn,nkvsFabCtIHAkwpN,HTYLDKDdmvYRnYU,1692,6,27913
warn,btQ,QONaj,91,5545,82961
warn,IQKnreRdGCn,EigNLpcepr,33,787,29966
warn,SwjECjUOjcrxkER,peRydUJCzWh,61,51,84489
warn,vHNm,rjHkButgpumSTOodjpkG,757,437,91579
warn,FefgYrcRfhqtTOCtXAK,VyGuTwdp,2351,13,88558
warn,qHGcultnlKaqZU,wzdZuTOWgi,1,2961,47617
warn,YS,PignXi,2,6,99373
warn,RpyaRhLUavMAExp,CfhfvFKzA,777,3991,51176
warn,JcUCHrOHSbUcy,rOshpbTOjKBuVuUxScZi,295,2,36966
warn,WtINLwIzFQSeNgOfwCU,ceJMQcSO,5536,1,48453
warn,mQYFSz,DztmtM,4572,3615,14818
warn,OWXgIplI,ngUDmOhlTwbAmm,3192,64,64571
warn,GgdMnEJaAU,HZvbYYUYXWWLhAbOtASZ,4,11,74283
warn,ZQ,zaJfSOleiBoKDp,2272,8118,64395
warn,LXKhCODOKhaxF,yanpwfm,6876,26,26624
warn,ReXVoR,otonSwn,7,2617,35733
warn,QgUhQceVGwCVXoue,sZMHwCpiMDxqSRBtqpS,753,623,41228
warn,YwLFyZRB,OfKUGdcXgVpPME,9,1,94178
warn,UyVUcQQTBSbBzrVZXkPh,YBPNlnqAKCSziFBJAHp,97,5821,35419
warn,QfSkbPqUZOaBkRdgb,obsaKpCuWUkCiyxUGz,1861,2,87325
warn,Xj,sWEwQzZjrkilpOwTW,712,2,79547
warn,Kekul,WyknO,8,31,45541
warn,CqAcapHOTmRCbmY,xMlBztBBM,5137,6,79552
warn,GLfVE,qYXxWrNrDHPLBqI,55,1,69286
warn,HOiaU,sliOqjmKC,6,144,86871
warn,BaBwrGkruWw,HRwcTm,8235,2,83169
warn,wMSWDZsbw,YphpheVh,97,524,76648
warn,RzbmAZXLgrHKKSMqlpo,ExiFyVrIvfiPHj,94,756,44868
warn,jMV,DnEMIqCeVnjB,399,3337,94757
warn,Sg,byVkslKLRFjPiBIDS,87,579,44713
warn,ZZbhfjRjp,VoJRxQTg,3,7982,88936
warn,nfhislkpCHq,AQgpW,3946,42,56636
warn,GKwWOV,QKvDWxhHxpfdDZRBEa,99,93,14446
warn,zrcXdQEKHrHiAQwrYgGf,CAdOlywTFAWQqYkSmfyv,5,81,53972
warn,JQtqNmwtixjNi,shzrHcVEBLxHk,5,518,63534
warn,QnHLJkAwzE,tAADiaw,9,5525,13962
warn,yUBLLAVKVDo,hWasgG,5826,896,14668
warn,SL,pVvMBvsatLcTkZ,2,5,94825
warn,X,nxNHO,765,684,16428
warn,WoPEpTFVglioBQ,vBnnQFIoUEaYGLP,3,218,66287
warn,kz,aoYFddNHYAqwHhGObGuk,8,6583,65916
warn,cIzENjEIxiBp,FdnGzEUafTYCfFuy,55,1391,36899
warn,vCtvMl,VDcuugpQ,3652,4637,39222
warn,JZOE,RpxPUbPoolp,868,3817,19939
warn,eRyqDnS,epouedtOpbtmRocMA,644,6561,41695
warn,K,spGYTTSYbgWUmlHZ,7116,97,15768
warn,jUoUQScerzRgADzDpja,XYrcJlxKFiHu,616,828,52744
warn,twBssRZkgZAl,NVwEu,5,11,37959
warn,pDTehno,NxwIOvJpQOHxvs,1374,2,71261
warn,TJEIygZzziz,isRfyoQhoMDeBKqWw,6,234,51457
warn,YABXQcouAopdZ,ZwhrGEmgjFNNr,196,9392,77411
warn,BKGBglGANLZjqiNz,ZIoiPjPqo,8,212,28558
warn,sHbwLsvUl,EVySDxTpkXFfEvcXFzQ,2728,1469,43146
warn,AfsXsJLvdD,asgnboiGp,382,29,34366
warn,YuEEW,rbLLKmV,4,2,47861
warn,MuSOgLtnHD,YZgoiJd,1795,95,25597
warn,cSJSmYlL,NSRlqKwkVTzjG,719,761,89929
warn,yhpOaXsHIJPBZr,PJOwRJflRMXjPuvDt,7739,3,83644
warn,iubeccBtSeYBH,JMBgVcPRTvR,748,444,91329
warn,KKBQcclkOoOBCE,GZqecYBZruEauUX,526,29,82995
warn,NfiTtPJF,LVBcTZ,7966,2636,11115
warn,YoKRZOBvkIGLWPzVHwxZ,krJLzwoKXV,92,7658,57472
warn,ZXIxLaoVEihiAbb,SOCEpyoAqRHVn,275,3598,71885
warn,oLqAUxLYXlQUWXYnUb,xrjgUd,53,6827,83468
warn,pzFWpvquTfwkQmCoDY,CxlydrnJFjm,4323,569,63129
warn,LAYYycLdlxaULxNeHs,BRjwMmIiMVsHwFLB,357,6837,81425
warn,ZJxvMhccEiIG,ptGLRWjHk,13,157,55328
warn,ACQqjXqNdeILEPWpPHz,hQUOryEfRiYyDiqIRaH,8,24,17562
warn,PKeX,xHNtbV,1886,42,31912
warn,BCxSgakNtR,rChMe,757,83,45429
warn,TxopEBGJjMyEzixi,pHXigDPBOZlt,2958,8156,74872
warn,eW,eLHpyrqIbl,8,41,36836
warn,pTs,YkDsxXvnxdTDrTG,4723,79,35973
warn,IhuHhfpagmOunufoiyC,uCwLyvnEEAFek,73,6182,36498
warn,KDLrNRnTCNANFmSTYz,sqKQP,2,346,22297
warn,loMHzQCrDtoAxkpHWm,XvEjcbHOjFFmI,56,4,71568
warn,GonmbjbWemdxGelTkCa,mqydSzsvJeS,182,46,58825
warn,cVcqZNuowAzJP,fVEfyqqfBGRlTeeNkoMT,837,5135,71413
warn,QzMui,LvWgcafMJuNqZsWPn,465,451,38132
warn,fixA,mBeXIPaj,9267,4,61487
warn,wZgmKKZAdtfxtS,RrpgtjAslVioCIvuo,454,8,89956
warn,ATVDZb,CKXrrAvdxyiaKkHWG,36,87,69153
warn,XRRpJPym,cqnCsFOSvjXswkE,436,123,67467
warn,Fld,wflpSfBEAJqElzRU,6245,193,15594
warn,VVxGFIfSFNiMmO,QfOkJNOzxOq,7983,4,64145
warn,dDviezVXcsC,BObzjq,7234,773,79633
warn,sHfMNjlnRA,JnhBdfxbBXT,9,239,69679
warn,V,qegMaWszKUHjYFM,74,537,35224
warn,lDGcDfSXoduBVzEsL,nzoTZLuDGlCLDOLEzBp,7491,5,46959
warn,se,ClrbYy,474,241,66235
warn,HZjhheEIkkZFrR,jLuAF,3,3958,47782
warn,vwhzuGzojAad,AcEzdRLvzjKcBBRPiOnu,4,3683,21293
warn,HVgNzAIWKJoCFOWhCX,zbzCWKIdyzTHpc,928,39,86282
warn,BgcIRgufxIRxS,jHnlIkWQD,15,111,55527
warn,Ol,ZZXQppfhHp,8915,8,32654
warn,SUwrrBNfaDAqsT,xbKabxPJIQDKizCTLJ,414,6791,79838
warn,aUaEiymQ,HnMMwjxWw,3,614,55352
warn,rcSDjWGqZzCYZrhL,LyEXDcqnMLAZGnZmlzM,4322,44,52521
warn,BvTqKrdNBBE,PVmbyZajUz,151,4,26421
warn,fjUbjOttKPIV,gKHnYfLuj,8,4296,36231
warn,ekbDzH,MFDUSexDHrsydXOQ,9841,73,66383
warn,egrbsDvgJN,AWdWYanpku,14,9816,11139
warn,zlWPdAvLlZcLr,wtNlYMyIm,632,6355,47221
warn,NWUHlPmSwDcjp,fFIFdWzq,8,5521,23177
warn,TyuQiZxTYjMrZRQFKujf,mCnnL,3,8,55491
warn,UTitFRLnjhedaQr,lqodynHbdSgBDV,8184,11,19253
warn,aaHqfzivWOsYGWjAIO,ixJtAQwmq,359,2168,14876
warn,PzvX,bIlDfudzEwgAeP,962,5,29181
warn,hiXrQVWtFWhOs,PvLHenBAWAToKGo,34,87,86995
warn,TjyMGAaEzniUxlLDuaHq,gQseobYGZcQzx,7364,1891,85236
warn,M,KxEAxyZsHuYwhzXZoh,6579,9534,93994
warn,bpCtaB,WMKQxuig,5541,83,13128
warn,rSyeqCxM,JseqpNWrJiq,5,34,15515
warn,WbokFTbhVCD,wSwuHvmoyCjwttnv,5,633,97542
warn,TQqZNg,KFJVfCaG,3154,233,53227
warn,HhyelEvoqnn,owHvwPMnjQWSpGp,9,194,81342
warn,QHfbAFOzWTocsUboGD,shEVklqSqVjqvRVZd,9876,6311,73788
warn,VASYLk,YdORX,129,816,92197
warn,HcpipUsOfjsOpLRuH,qjiqIEwfrGFb,35,4229,72485
warn,pdhZJjiZzVIuaUVnC,fjqzYsYeqNz,2,9914,49891
warn,RhpKrHXHXCYmRUiD,clExwjljOORspJZKFPq,38,93,28274
warn,MoEiHYqQYIJMDO,BuCxuXioYyvdKNG,2,54,95571
warn,ntpo,JJQRJRfjKsMAewB,6347,13,88586
warn,jtbxxMTrKsxEBJE,vtRGBTEOegzk,5,8926,21126
warn,LGMasJjWssYVRe,eYELgrcpHAf,5,6362,78286
warn,RWZVCDbrBmBNSjZ,McOsAIQeldtvqLZWF,66,8985,54438
warn,dHWNDWPIlSCcPkktv,fAGPCzbZgPuyF,47,85,28427
warn,oaZxIBEHgKataIkhUmY,GnXUBpiFABjCe,759,3,57263
warn,MrvWY,EexKdXVZZ,715,7,47382
warn,NFazvEL,mHZIWxivIXOe,3,9493,98389
warn,RFcCCRwTJlKOG,UdImrWfLZrwgk,9974,2,36593
warn,hgd,RdZYl,5,7,85233
warn,iIZOHZJbWuEFzv,PWTFMDsjv,73,53,69669
warn,Pb,sHUPaeAuvgraPohTyjs,69,74,89614
warn,EVeHlSNs,UPBInJywchhxliCz,863,6478,13641
warn,Rv,tCHmPwNhFzUzDem,151,68,52695
warn,uIfotS,ZkbZqQsmtAkI,9,3,29946
warn,gvCtP,KJodDRsLlB,19,236,57592
warn,XAVBriqtscekyqfiIBN,FGClkjAYKIXAd,8226,789,55426
warn,CuttoDOoTdPFSi,yTBDiewJznEBysrVGpcM,4,936,32497
warn,oHSvstMw,aUCdb,825,1472,42543
warn,QGQToNFJoGUkMXlhvu,VNcxYIVaFSvtqnRu,88,1,28249
warn,wlLP,vfUmQWXolh,9,326,99844
warn,eDQOhTAeWY,ITunRayrFcUi,44,84,46142
warn,aK,PnAIFZkWl,9787,154,31445
warn,KrKIQukSzvwAjqZem,gcbzLy,22,842,25487
warn,AP,zaGHflwLxJEmZMFfHEtx,4131,613,17527
warn,bROIEPrxfLGogdYlMXBR,QkJRLOhSGyYvx,2,78,72238
warn,AaeqMFSsIFhFumjKg,pJWsG,96,3143,73164
warn,sKWfiPUzV,elURNLOXFYZJ,839,1138,63318
warn,TylLRRtipnxZ,OOBkhLJPl,36,644,74795
warn,MLlx,DVbqVnYhcGHjvpjFAsB,2267,3918,34835
warn,bSFdzkjHkBocFGhCI,wEhriNuvAYFQqPV,92,58,16445
warn,kOtdvrlHiO,ahUEUbqvTRG,93,75,63967
warn,wsZoYxilDq,AHEelK,47,529,55132
warn,YjzZ,PZSSWDOJFwhbiVA,623,6367,39171
warn,AwviJXKjmvfULH,snnoR,3,4,45816
warn,BuUpHnihUsuHcKb,GdGtqvU,81,2,23822
warn,xPLuZACFYsHfgqzpkXg,nuRQNjTEZyIzXHIA,238,9569,65557
warn,TtfSZXbU,XRCQXSnI,5,3232,35249
warn,WKTmtBqHmExwSelqeG,XtxmEE,54,68,79248
warn,JOqExt,CZlQSAlVQP,1561,9,62594
warn,soXtEKw,zARsTbPGd,898,4513,72251
warn,kLDL,gEuwpbzaMjxKbyY,68,4,71374
warn,t,vWCJPuMU,392,53,77332
warn,kPc,BgppXPnnbmbk,95,9133,89227
warn,QJJpuCFbVZDL,LiGjASFONhaI,5,824,39678
warn,ZSVYzZyeEEcz,QVshhX,6,13,32278
warn,qLheGQowg,kVgbrKtCcMSQGX,2,8,38882
warn,KBFcAkvRRzUS,bOCCmmwwxysHE,137,1,85162
warn,IXa,gPaAcZQqbooclcpDBun,327,8122,15978
warn,nQkUplduTIUynjQ,JvbXhB,2,447,64191
warn,MkaxucOYiASVLbti,ziUwKdQJYKDd,993,4117,54872
warn,CBYbvffDNcnEsvk,pBqIOGzkMdjiM,717,9,57888
warn,DHiHnBuLeWxzFVcrLs,aNueWMvaEEbKFPzMD,71,5,41892
warn,RQKBoCRChcXaqhYZ,WHJlosPtOtvpEwOFHTo,93,5172,28467
warn,QTDbFnC,Spoig,35,675,88344
warn,wXFYCozFErBomRU,llalRPfvOLqXiLQySe,715,6581,42599
warn,sW,LgaMkDJuNByrjv,116,3559,85676
warn,LjIaI,GYTqP,181,4576,37348
warn,uScpqSpKKR,qDarQpI,497,26,92426
warn,YB,RWbNPSJq,533,77,52895
warn,oKSe,SMtafEdXO,31,4,46468
warn,ROFNiTQsBLvjhy,JaxizfYyqyBOoggZK,54,89,23464
warn,pVHIZjmpj,GPfLbfTSecJPlMxGOE,11,777,87367
warn,MHRRpuuBRVAtZDZc,yRuCkozC,12,5,76693
warn,Xy,rqhLCzTaz,7,997,12611
warn,OeYwklfbZdohDYBfEb,qopltjpXYy,5265,279,75477
warn,SqF,YmElrnRamGVhzRL,19,15,69641
warn,yFGiZpkUb,qVsTdgnpFd,42,4,27248
warn,PPExTzQoQ,lWngyY,4,2365,25762
warn,cHpWUmaNb,VmToTCQaRqKnRSjcVz,3749,93,17419
warn,eGgggxZhgzJjJkRyq,pmUZKriEFMS,5,6,67778
warn,QWihREjZJX,fOcCYdOaSgPoMxzjA,513,1537,88832
warn,McGjbcdcglRYBHbHmb,eHUwtGEMKCGmoq,174,866,87554
warn,ncxAUrfSme,WtKDK,3,67,24561
warn,BaPQMOiTzMdfohD,fKbpmckALO,5551,1,57934
warn,GnFOqLAwNs,HrKKnZHtq,1799,25,62228
warn,Pw,VIdlNy,62,728,91235
warn,xwqmPvFMsiqKUtS,aDZxcRWVcYrmIoejmiH,4146,77,53474
warn,iLwQhWBFkoIWtzahEN,qZorCrKyEJZhCexWA,7,315,72515
warn,BQdjQlcsfaORNVp,mQpVeCrATVETShJKf,9335,43,57164
warn,qzphQEmArQLrbeKFXTEE,AxATZTdeDbisuBlsd,525,5,47652
warn,iKrubWewXWUah,ExncQcOUmbF,7,64,82628
warn,zJuPovKnNGgMgkAdEIQ,MUKhl,218,4986,89761
warn,nAmSPsubCGqt,SwURIwFf,955,7235,53332
warn,uNLMyAb,fOxJmLZcpemLiWXXv,135,892,32533
warn,MvpAy,eIjpdoOYGfzbG,519,5155,29643
warn,zTXEcZ,HCjkfxSjepaWSGk,9888,7,16349
warn,YLRHVDelpvMao,WicHN,175,19,29125
warn,qTIiTLufAZwB,hiHmdnjbNjpQd,22,6438,28261
warn,MZbDrXXtrnJI,WjppLvuwrxB,218,86,79943
warn,xrJyZTwgLwvXNopfzKu,CSfxuYC,4,5,75646
warn,SC,XCfBKsxsaLCgGzuwnEV,765,6842,47515
warn,FrmgmAQZDMlfxtAOMDX,qPTbQuVqfZ,75,5,93932
warn,z,iHFbvVcQcAxSylJ,22,9134,96925
warn,v,vSDBYHDXWJXrou,2226,35,76186
warn,ZVjTHbXgweUImNvLzYjm,IzODmpphB,9187,79,74317
warn,uwwkZjU,RwqXRgAO,7,1,22274
warn,En,EjmYaDqDMaoHmuc,187,8623,15112
warn,CwEaPXtw,ZtPpW,623,97,61584
warn,K,EzKGRrnvz,841,7,67958
warn,ZwpBmtfaZUzbWfIzCCFB,fTRcUlJVaoDlpDM,98,1,12615
warn,CMFHRZHeFAEpXBcUPbpY,iYBgBiGZrbBegaWiGTll,6358,28,62872
warn,DhLgIvdooeO,pYYIQuRjwHDyaYwa,83,728,24978
warn,u,PVeljrjvJ,31,686,43451
warn,jYtAKAMsfEuusgJzQs,WlSOSNmkLOLh,9311,6518,37452
warn,IDymFZRZmFndHj,zfaLtjIeXwF,14,9399,13272
warn,F,AYCXjvwZyqfQWPTZIo,66,9795,59349
warn,yGPgw,QNLRehwmeJxF,176,4229,42378
warn,xIXybLIWJ,CwTKfJWWmFFnjEPtfM,75,452,23841
warn,DavQCH,eAuXKobmNNWLbBkZOx,51,32,24328
warn,XgkUzcyIaKlBeyg,yqHeGNzYKKSGYm,1,1,61123
warn,bFPUS,zLlcVUIlGJfNLN,5841,3767,24788
warn,WouHU,NbfFKGRc,7498,9,52965
warn,eHUkPMZiRcAio,PePZlCLa,3665,1629,63319
warn,OLpdViwEikI,jiqyZfXr,487,73,93356
warn,RYsfUUnhWyCuFE,fpQVEivYl,9,3534,91949
warn,opmpJA,pmHuIsdACvMptCkMlpE,9,1,82875
warn,cZKNYVryGFORZaYwhCN,jlmmnFuLSJOrvWHtjpPt,412,26,93471
warn,lzFFuDhpVgAzC,VxBzz,5271,9773,63434
warn,KGEuYfXyOH,pBptmmIFbvLPOhnFh,4686,7538,17519
warn,itKEzDDKdUFq,GsidgXlzO,46,95,65262
warn,IgCuUwaQ,TQzCPHsyUaYsvlzm,24,772,97165
warn,DneUcWJZwsvcYZITKVH,wAQuSWu,665,7,98213
warn,hpqqnBcjL,vqEzIkZypTkiwZUDXmud,94,165,98889
warn,UfsYOVNTNgTXGq,nxIsHlGEpHxKOiqmEOyX,3,354,23374
warn,fAyPTedLSlVmPVx,UCQvYF,8,286,71676
warn,ARJnkXFIyU,FupyZxfcEGsYCxOjjgU,665,1,16967
warn,BUNexrXht,pnralYF,1143,46,52719
warn,IlEpHYHGXnShoBUcrzI,VNXYruO,489,781,63829
warn,LkMGffo,zttWwnroyOhpkZZ,7,6169,61421
warn,p,bKAADgjgTLS,169,572,89491
warn,gsRgKTW,vnfoKAVFBQfxzh,6848,7323,27932
warn,mPAiqG,KFgikwTMxOowLHjBJH,4794,7,93747
warn,E,VwQAVtdHzwhrVHvsNd,7,2635,93582
warn,yLyXBoaUsbxrk,NDHWF,34,7442,26715
warn,RUefZKlXjQnJHqDRM,KrvfFSfLvQtMiS,6732,885,18678
warn,uvtvD,FnUzZwM,5386,98,74763
warn,evGEvTlSEXEXoyzXYr,nqFrfHkaRXmNK,5,1628,99449
warn,qdAteXoMdARVR,nwitJInLEQ,9,8,47252
warn,uvbVaTviHuo,ZKfmlp,93,57,16487
warn,mvYh,iBzqaJZwnPLIrv,973,4347,74517
warn,xBjSGSHp,vPNPUS,16,4588,12794
warn,GyOWqOxCViYjZRBQOPdH,RMdhbfHK,27,2299,83318
warn,qiluKvQM,gRVKTn,5661,391,28578
warn,hSWQzKHEMEarAcJzLKDr,sAsArOCaZimTG,5,868,66938
warn,QyKECeLJjQOeHmCze,RlAnyBas,916,95,84689
warn,pV,AHRFcLECAkWdYmb,6,917,19111
warn,yDTR,HIjNDIKchqhZwMXJgQ,5,52,95123
warn,JvneNjKGMQDDCiWTYJn,zewvr,488,737,13174
warn,VPbhG,qXSLkjcBZG,672,275,67994
warn,o,idAQBgtOIMZW,42,4943,47421
warn,ktkGkIsPSwQoHXOTwHRs,QDWZsHPr,2,668,68856
warn,GTzgsluQgPAaJR,XeaPsRxe,6744,672,49193
warn,IGOigluJO,kWNGnFWBgxlwUvd,84,8,45489
warn,NVbtvwbCOmopyNqwkRq,AlEhWEVrZjFWuGKpNa,9734,3,26742
warn,LdbbhiQFg,zihYDSSWRuFY,3341,3,24886
warn,bspQohxmANxatk,cQNPmQSIUjfXe,169,6928,54593
warn,KV,rqcobKgtvHeMHmiKiWI,4,3,99856
warn,rBNzQ,RwonyzWcFbh,844,33,37166
warn,SVjOADbSO,NzDfqX,671,64,93184
warn,RedQs,LcaNMcNDPqOCeSSSuIN,9731,87,32319
warn,PZUrPCEmNgYYkDYAjKAi,lcGaaLSKnoEeViFDA,7,59,33194
warn,fEtYBhsfSsqzR,rRErVayTlDIvRzm,68,696,12372
warn,djUkoCeZUY,bsudelfotcsqi,68,9,73633
warn,bukAMOXYuKNwxJ,jIkkjl,9,7379,72399
warn,Zh,kEwXaa,2223,4577,61142
warn,kGn,lQDICuXLP,551,2517,62881
warn,dWYnTRgUZsjXJx,SaoBqKly,55,6,65546
warn,bLiolqLrTDReG,EpnuWrgksafGfC,5737,3,16232
warn,lcIiRehyBaGaXuB,AdeVHz,332,77,76269
warn,BHavPqhBKo,GnWSOTrhGGXpuNOfR,264,2173,78856
warn,J,DQEMnzxkpSfWuo,6344,579,32217
warn,KprZVHicHOjEJfm,MKzyZGiQ,1,58,21143
warn,fALgnUnzTpxLUTZMvXO,lBfwCHwgDWZw,559,626,71125
warn,OPYboqsIyWTPYLBzYjgZ,QiapTO,5,8,79746
warn,wbjciRYhQJmI,ruSxJchjrcelcNOMFJ,472,69,19833
warn,NlvdbPQBmNPiX,ItUgnkjp,1487,4,64348
warn,xaEUSSm,UqnNzpiik,865,8,27818
warn,HHf,GDCLLTtxADCcr,295,8547,37243
warn,wFJJSxiZ,GtDuWnEEYA,726,2,22653
warn,ormeE,FOOFuT,9463,2,83311
warn,raXUiwijCRCIXAbOl,vCEJWsYcQDyyby,4,584,53946
warn,KLcjxCecGLbbBFtQP,MdSwEZdY,84,6116,78814
warn,L,xuOeDaTFsLhejGYMzRY,259,7921,81934
warn,IelonbPXW,TmQASqj,4,93,93233
warn,widFrrLGMWJbfdR,KSaNp,83,59,68644
warn,K,mRixvSATStHPxC,2,192,56991
warn,Rn,ghAHPxvCAMYUwytGWABo,7,81,69479
warn,VjeO,OTPWR,8564,5,49479
warn,HxoAnEFS,vYlALszHdaxBaZgxfSVo,2,15,12716
warn,otL,VbnDKYLjTrxNcqxbpT,2,2,23711
warn,VxmWuwPG,NDyfeZBVoEvcoAX,7987,3,49317
warn,hYgNzFYW,KPedqzWdCQOgL,1749,183,21284
warn,mSfiFPqztPmNwZRZk,cWvyLRREsHSJgGP,7,8,78521
warn,hDuymeArEvkODxf,KQMawHrkPyA,4,3,69186
warn,nzyoKFE,pfLJF,934,132,78556
warn,oPqxscdpusYkWiJXKPsa,KlZoXVrugEC,4,3,29338
warn,WLYUTVpvjjogiPsX,RzcAXykGGYYIhUYEY,8,3,51612
warn,EKsm,CpdYxLgQhnPmr,43,7511,16147
warn,cUztBpWsCtJsrKZSHwB,CnNnoxcpxfEbmhGSVZqY,6334,13,35457
warn,EkcGMtrrBSNLqV,ARHecrl,152,57,14835
warn,ugaKwooDxKMQZeJvfd,gLExRwAZfeHxelU,269,4636,94424
warn,xkaEljfumWktbSMC,ExyYoBxK,137,8,57431
warn,Q,YQqNrwSTrz,3387,5326,57933
warn,OKRfuVOrZxjdANrPiHb,MvgyDW,5,9,81183
warn,HEwGejnqgVi,DQhsKhSSIWJvGXD,3492,3,87759
warn,aQYADj,eLYkzvAIqJezZXVl,28,81,48434
warn,IQnAVpPnwK,HWRrUfyA,34,7,18456
warn,yDiYZweWZFerPTTRVGB,DcQMPpINz,84,1695,21312
warn,sAIFDciQn,CvQmvYhuKxaVCMjVrOl,549,2,48421
warn,Ixws,UtOGtPeM,5847,7838,55524
warn,hkODON,ExtYrD,869,183,11399
warn,joz,ZIkgOHfyxe,8594,839,88941
warn,d,FlCslGoxtNudObOEckJB,11,3931,72538
warn,LFMtPWln,YiNQVeBcnLAThxCMV,3,8987,64961
warn,JJqkzXYS,qNWkmRTZrkCrsR,57,6637,13382
warn,JaibYRJEZQGHLEBsiPeR,VSlQppny,1,967,21668
warn,Pm,jiGzAqPbRRWOZAAklww,32,375,42212
warn,tuAKG,JiiIJpJ,3,7,41742
warn,kSpjIZCqMIPWKBPgOo,UAXPSscV,341,2,35297
warn,EHGhR,XBZSbRgKgPjPbGwHJIQz,3,1264,64211
warn,oIbjW,GbUdugllIZzLdbC,8715,9791,86622
warn,MPLiwewcFeGSzZRqxWo,GlylsnRYhIyZSPFJXhQx,922,167,81155
warn,YVk,NjCacY,36,5,44248
warn,OkQoSsEzrhpYOs,KatKXOewhgvrmkFI,319,5,53681
warn,oAGrRbghki,LTYXpfIoEFQbpI,6,92,67747
warn,zzFSGE,cCaScbzNWTmHFC,3843,5815,77487
warn,lINpJtIfdM,BAJRWhkaoS,34,44,54957
warn,EZIebDAJ,pyiomCPgJoQR,9393,3383,83281
warn,ALqVQIGzAVWwyDYUq,uUoqBkpptJJNXsbEReo,8,144,18962
warn,yS,QmHjLWA,148,4162,29232
warn,TiabIFGVsYBE,gSLTKA,8,85,12585
warn,aJNCOLN,CUNHVhrWflSNjvfoy,554,53,53949
warn,q,HSlgWPRmpEzQMbYvJ,7475,8775,49412
warn,dAQaCuHWS,gqHFGMkEvn,1,7,49711
warn,YWArzxTndj,gIrhxJDsmCxW,9747,1,32493
warn,BLbCGZ,NwUJCAzNDytcuqUpY,57,74,77176
warn,BdMptlc,DgxkW,537,78,13262
warn,U,RVxgEjwLgSgOAwqv,85,6,39439
warn,kEyc,DDSnJGT,67,963,88846
warn,pNn,IJeIpxImVgAGZyWHq,876,7974,16819
warn,WtnYIjzJGWKWLeZEbvYn,bmXrSVTFcSUYp,6,75,26295
warn,aoKziPnhB,PlWaU,2946,9585,79526
warn,UIkgTMylqaOhR,RthogUAPHqdcq,776,7,15441
warn,MmIAsRTU,zmISaClXyYkdqcgx,6687,54,89495
warn,PolcU,PPpxLe,759,8719,75752
warn,x,XFyqtuE,6,67,19284
warn,yJwVLQJgpdKeTa,feObi,563,8,24943
warn,ExqE,aZJtoGgWeCTAIaKYe,3,61,58979
warn,hkjG,HdCSfuYEAV,1533,945,29658
warn,TwkevpIVjThonTis,RyrsPVYfVvByY,816,4282,49215
warn,mDxBYwLSfByPdoMfvUA,kSmaOIGKUs,829,51,96765
warn,ChdWhEEGZqgc,SwpEDd,1446,5391,57993
warn,roui,oAvGHzrgdujusd,791,4371,11528
warn,VVzdGyDyJBR,uVwPTiBoHwNqlOIescs,8,7395,43757
warn,wnFqhavmZQshYeav,ZOyyALpzDhrMoVSfCFvQ,7,781,94427
warn,oiNzYOI,DiHJqcmVNj,9849,2849,15848
warn,FeRVZqfxuIlhiXR,unWnaVOgEXQBYyQLUxm,68,4338,89762
warn,yFXIFkObzuyZ,zJsKoIQeL,35,239,12137
warn,aNjHLD,rGGfYWLncFqL,588,14,28142
warn,lxLepkDf,FhsBZuMevmMBmRP,18,7412,92562
warn,qqJyfmJmvDzP,SjxpxlHsPF,54,11,31645
warn,bIQnTKBytstBHH,SObSsFY,593,3946,72199
warn,MMPAbcdqq,zbayQWl,3,384,39298
warn,bwXQFrcbpqvEcOkqcl,qGBuLfirVg,387,9884,77993
warn,pBsFnWFNvushRBIaFf,aFJONSrO,8,9662,65468
warn,NYRkxBhxdtVHvIgP,WDgvlwaBD,6338,5313,44235
warn,bZiUMTRKy,XUwwlQkaTcC,443,5,81496
warn,cAoFuEstG,OCUZMTfgNxUNzPAJU,6293,4,52725
warn,sICOYvMuZfQZCbekAbK,FjnxIVUxYkshTCqG,1,2,63921
warn,ZkpCCBNMKsRzjwXFF,PSIeZpqc,3,4126,94114
warn,BqO,qCBNWHIxxBXsOLh,32,3,13833
warn,a,IhVZyGOh,99,6367,78465
warn,HlCUJFToeQdusg,jsfbjeECyHom,8,7323,82613
warn,ZigGanLmpzDRE,DCsjfiCCqpjoVGOSFo,58,715,36217
warn,EboKDgAgT,QjFgSThHKcbputs,59,943,94839
warn,brMHnORfauD,BhubakUJqKLimolJsxE,2,1746,16727
warn,G,NUjOpM,8,9899,57688
warn,DaHzjSlbGekwmsGYuip,vPYUYPbwrqJyUMYjcsQZ,7735,1,72136
warn,OfALQFwXBTWiDhfi,GcRZFmuZwU,15,74,32335
warn,GvGCQ,YWSoLUNF,317,395,68594
warn,HNrJWvDjEo,jXORJndaFFJNBDNIfSN,86,673,15854
warn,dNfir,FBJzFSZP,476,85,11299
warn,bQA,pACkMxpSTs,2345,5,38736
warn,LuyrTmdS,DXzSTCvSgRVk,71,344,97386
warn,xMtQptcxOKKRzfdlAc,lwXPptHnJPbhx,3,9,72952
warn,zZLsBZDJgxYO,RgkyhbPtGff,4195,2,47784
warn,b,QZicbsJTjAhPFUg,76,823,85468
warn,fZoTbvhcfPXpUoAQkRJ,zVSYBHaAATRmNzKzoo,3579,7814,42138
warn,xKksfyaPZHcq,MshzYsUXBddxLAYELSJ,152,575,48642
warn,EWOs,gpvwHXdoTKzbpcYzsyjn,2295,9,95477
warn,uFgsLkxwFZwlkB,MGpaEon,5927,7,21263
warn,N,MXEdIuLToqLHTdh,487,51,73886
warn,FJVRkiBlTidlePoaH,NRPJqwZTeB,767,2811,56667
warn,IaHrQz,VCPSr,6149,9,18441
warn,hLY,YEyMtHGt,3318,414,26991
warn,ATSGZgDQih,FNcUXURtvpksgl,435,34,44764
warn,CxUiDsD,osJQvClnnQPdsXcix,586,6313,28846
warn,bBjGOVzHCM,NSTod,6655,471,33395
warn,fEPnofqzABohuZO,pmtuZYPoLnTybdJMfsZ,9,1,79148
warn,ipXIBMcDJGRSOimxHLpt,ynHAdDvUYkpoeZCCp,79,6225,63848
warn,SwNPxjKxVy,UKSQfOWVGcQLHl,77,394,23178
warn,lKqvYo,IXeyUaUBJdj,599,6227,99454
warn,gVgStmkpMZEFnzWbl,uHpRFDbnqBED,597,9334,71726
warn,HYGhUVHTXfsWGXZMs,XeuRkts,251,88,76624
warn,WugZCng,bZIYHVDasBQ,9,41,49897
warn,FsYLMy,SqMZyWwFXHFsI,27,5,83571
warn,niVPaEgtzVs,jTrMYuExDtYhT,64,352,18524
warn,vdgCnSt,kQVtrSHIA,2936,37,16628
warn,dabhQ,hVcQKwslQtwZtnrYCN,8,6,53564
warn,FRHUPNyTBzwmZOhuWi,ANiIA,6,495,61269
warn,oQbrdOlDUCj,paiXLRJWNXrvxrGk,72,23,84111
warn,QswsKVcHANjq,WCORuPMQRWj,8714,4427,33289
